path	type
.editorconfig	other
.env.example	other
.env.sample	other
.env.text2nkg	other
.gitattributes	other
.gitconfig.example	other
.githooks/pre-commit	other
.githooks/pre-push	other
.github/ISSUE_TEMPLATE/bug_report.yml	yaml
.github/ISSUE_TEMPLATE/feature_request.yml	yaml
.github/ISSUE_TEMPLATE/phase1_epic.yml	yaml
.github/PULL_REQUEST_TEMPLATE.md	doc
.github/PULL_REQUEST_TEMPLATE/phase7s.md	doc
.github/workflows/acceptance.yml	yaml
.github/workflows/adr-guard.yml	yaml
.github/workflows/ci-fail-open-guard.yml	yaml
.github/workflows/ci-gates.yml	yaml
.github/workflows/config-validate.yml	yaml
.github/workflows/e2-readiness.yml	yaml
.github/workflows/end_of_log.yml	yaml
.github/workflows/hygiene.yml	yaml
.github/workflows/metrics-validate.yml	yaml
.github/workflows/packaging-smoke.yml	yaml
.github/workflows/perf.yml	yaml
.github/workflows/performance-testing.yml	yaml
.github/workflows/phase2-engine.yml	yaml
.github/workflows/phase2-engine.yml.bak.20250822T031109Z	other
.github/workflows/phase2-engine.yml.bak.20250822T031642Z	other
.github/workflows/phase3-pipeline.yml	yaml
.github/workflows/phase6b_receipts.yml	yaml
.github/workflows/phase7d.yml	yaml
.github/workflows/phase7e.yml	yaml
.github/workflows/phase7f_gates.yml	yaml
.github/workflows/phase7i_ci.yml	yaml
.github/workflows/plmarker-optin.yml	yaml
.github/workflows/policy-gates.yml	yaml
.github/workflows/policy-guide-ownership.yml	yaml
.github/workflows/pure-optin.yml	yaml
.github/workflows/pure-smoke.yml	yaml
.github/workflows/relex-smoke.yml	yaml
.gitignore	other
.gitmodules	other
.pre-commit-config.yaml	yaml
.pre-commit-config.yaml.bak.20250819-160720	other
.pre-commit-config.yaml.bak.20250819-161158	other
.python-version	other
CHANGELOG.md	doc
CODE_OF_CONDUCT.md	doc
CONTRIBUTING.md	doc
LICENSE	other
Makefile	other
OP_SCIERC_RUN_SAFE	other
README.impl.md	doc
README.md	doc
SECURITY.md	doc
SUPPORT.md	doc
apps/__init__.py	python
apps/anchors/__init__.py	python
apps/anchors/qdrant_client.py	python
apps/api/__init__.py	python
apps/api/adapter.py	python
apps/api/dto.py	python
apps/api/http.py	python
apps/api/receipts.py	python
apps/audit/__init__.py	python
apps/audit/receipts.py	python
apps/backend/main.py	python
apps/constitution_engine/__init__.py	python
apps/constitution_engine/config.py	python
apps/constitution_engine/constitution_graph/__init__.py	python
apps/constitution_engine/engine.py	python
apps/constitution_engine/engine.py.bak.20250822T014658Z	other
apps/constitution_engine/engine.py.bak.20250822T015433Z	other
apps/constitution_engine/phase2.py	python
apps/constitution_engine/precedence.py	python
apps/constitution_engine/reason_codes.py	python
apps/constitution_engine/schema/init.py	python
apps/constitution_engine/schema/optional_indexes.py	python
apps/constitution_scope/__init__.py	python
apps/constitution_scope/registry.py	python
apps/constitution_scope/scope.py	python
apps/constitutional/audit_schema.sql	sql
apps/constitutional/engine_v1.sh	bash
apps/constitutional/engine_v2.sh	bash
apps/constitutional/engine_v3.sh	bash
apps/constitutional/engine_v3.sh.bak.20250916T213434Z	other
apps/constitutional/engine_v4.sh	bash
apps/constitutional/neo4j_constraints.cypher	cypher
apps/constitutional/neo4j_rule_enrichment.cypher	cypher
apps/constitutional/run_validation.sh	bash
apps/datasets/biored/README.md	doc
apps/datasets/scierc/README.md	doc
apps/document_processor/anchoring.py	python
apps/document_processor/bias.py	python
apps/document_processor/cbdt/__init__.py	python
apps/document_processor/cbdt/adapters.py	python
apps/document_processor/cbdt/detector.py	python
apps/document_processor/cbdt/fusion.py	python
apps/document_processor/cbdt/models.py	python
apps/document_processor/minio_adapter.py	python
apps/document_processor/oscar/__init__.py	python
apps/document_processor/oscar/engine.py	python
apps/document_processor/oscar/fidelity.py	python
apps/document_processor/oscar/pipeline.py	python
apps/document_processor/routing.py	python
apps/document_processor/upload.py	python
apps/extractors/__init__.py	python
apps/extractors/biobert.py	python
apps/extractors/biobert_extractor.py	python
apps/extractors/scibert_extractor.py	python
apps/extractors/text2nkg.py	python
apps/extractors/text2nkg_extractor.py	python
apps/guards/__init__.py	python
apps/guards/constitutional.py	python
apps/guards/middleware.py	python
apps/hyperrag/__init__.py	python
apps/hyperrag/extract.py	python
apps/hyperrag/guard.py	python
apps/hyperrag/guard_registry_adapter.py	python
apps/hyperrag/guard_scope.py	python
apps/hyperrag/guarded_store.py	python
apps/hyperrag/guarded_store_scope.py	python
apps/hyperrag/index_sim.py	python
apps/hyperrag/model.py	python
apps/hyperrag/store.py	python
apps/hyperrag/temporal_index.py	python
apps/knowledge_graph/__init__.py	python
apps/knowledge_graph/entity_extraction.py	python
apps/knowledge_graph/hypergraph.py	python
apps/knowledge_graph/temporal_model.py	python
apps/metrics/__init__.py	python
apps/metrics/receipt_emitter.py	python
apps/obs/__init__.py	python
apps/observability/__init__.py	python
apps/observability/metrics.py	python
apps/pipeline/__init__.py	python
apps/pipeline/anchors.py	python
apps/pipeline/ingest/__init__.py	python
apps/pipeline/ingest/local.py	python
apps/pipeline/ingest/minio_stub.py	python
apps/pipeline/oscar.py	python
apps/pipeline/parse/__init__.py	python
apps/pipeline/parse/docx.py	python
apps/pipeline/parse/html.py	python
apps/pipeline/parse/pdf.py	python
apps/pipeline/process/__init__.py	python
apps/pipeline/process/cbdt.py	python
apps/pipeline/prov.py	python
apps/pipeline/receipts/__init__.py	python
apps/pipeline/run.py	python
apps/provenance/__init__.py	python
apps/provenance/bias_logger.py	python
apps/provenance/doc_biaso.py	python
apps/provenance/driver.py	python
apps/provenance/neo4j_write.py	python
apps/provenance/prov_logging.py	python
apps/provenance/schema.py	python
apps/relex/baseline.py	python
apps/relex/plmarker/README.md	doc
apps/relex/plmarker/runner.py	python
apps/relex/pure/README.md	doc
apps/relex/pure/pure_stub.py	python
apps/relex/pure/runner.py	python
apps/search/__init__.py	python
apps/search/qdrant_client.py	python
apps/storage/__init__.py	python
apps/storage/minio_cas.py	python
apps/transform/chunker.py	python
apps/transform/ingest.py	python
apps/transform/manifest.py	python
apps/transform/pipeline.py	python
apps/transform/show.py	python
apps/validator/README.md	doc
apps/validator/init_schema.py	python
apps/validator/neo4j/cypher/10_nodes_constraints.cypher	cypher
apps/validator/neo4j/cypher/20_relationships.cypher	cypher
apps/validator/neo4j/load_schema.py	python
apps/validator/neo4j/requirements.txt	other
apps/validator/neo4j/smoke_test.py	python
apps/validator/neo4j_client.py	python
apps/validator/validator.py	python
automation/reports/generate_end_of_log.sh	bash
bin/smg	other
bin/use-env.sh	bash
ci/run_7c_with_reasoning.sh	bash
compose/compose.yaml	yaml
configs/.env.sample	other
configs/hf_config.json	json
configs/local/minio-198.env.example	other
configs/local/qdrant-199.env.example	other
constitution_engine/graph_precedence_bridge.py	python
constitution_engine/prod_posture_guard.py	python
constitution_engine/validation_hook.py	python
constitution_graph/__init__.py	python
constitution_graph/neo4j_allow_deny.py	python
constitution_graph/precedence_adapter.py	python
constitution_scope/__init__.py	python
constitution_scope/scope.py	python
create_issues.sh	bash
datasets/SciREX	other
datasets/dygiepp	other
datasets/sources.json	json
docs/README.md	doc
docs/ROADMAP.md	doc
docs/ROADMAP.prev.20250822T201628Z.md	doc
docs/ROADMAP_PHASE4.md	doc
docs/_archive/ROADMAP_2025.md	doc
docs/_archive/repo_tree_20250814-154838.txt	other
docs/_archive/repo_tree_20250814-155049.txt	other
docs/_archive/tla_logs/README_ClassA_STATUS.md	doc
docs/_archive/tla_logs/states_valid_n5-safetyView-2025-08-14-094338-run.log	other
docs/_handoff/20250821T021041Z_classA_handoff/README.md	doc
docs/_handoff/20250821T021041Z_classA_handoff/cfg/CC_A_cc.cfg	config
docs/_handoff/20250821T021041Z_classA_handoff/cfg/CC_A_cc.quick.cfg	config
docs/_handoff/20250821T021041Z_classA_handoff/spec/CC_A_cc.tla	tla
docs/_handoff/20250821T021041Z_classA_handoff/spec/ConstitutionCore.tla	tla
docs/_handoff/20250902-174548_fullrun/summary.json	json
docs/_handoff/20250902-174548_fullrun/summary.md	doc
docs/_handoff/20250902-174731_fullrun/summary.json	json
docs/_handoff/20250902-174731_fullrun/summary.md	doc
docs/_handoff/20250902-191918_fullrun/summary.json	json
docs/_handoff/20250902-191918_fullrun/summary.md	doc
docs/_handoff/20250902-233618_fullrun/summary.json	json
docs/_handoff/20250902-233618_fullrun/summary.md	doc
docs/_handoff/IMPLEMENTATION_AGENT_HANDOFF.md	doc
docs/_handoff/RESUME_NOTE.md	doc
docs/acceptance.md	doc
docs/agent/AGENT_ARCHITECT_GUIDE.md	doc
docs/agent/AGENT_OPERATING_CORE.md	doc
docs/agent/AGENT_OPERATING_GUIDE.md	doc
docs/agent/AGENT_OPUS_WRITER_GUIDE.md	doc
docs/agent/AGENT_PEER_REVIEW_GUIDE.md	doc
docs/agent/AGENT_RESEARCH_GUIDE.md	doc
docs/agent/AGENT_TLA_GUIDE.md	doc
docs/agent/HANDOFF_READY_20250910-222819.md	doc
docs/agent/READY_FOR_NEXT_AGENT.md	doc
docs/agent/acceptance_checklist_2025-09-11_18-03-06.md	doc
docs/agent/current_phase.md	doc
docs/agent/darf_identity.md	doc
docs/agent/github_operations.md	doc
docs/agent/handoff_2025-09-05_impl_to_architect.md	doc
docs/agent/handoff_2025-09-05_impl_to_architect_finalize.md	doc
docs/agent/handoff_2025-09-11_18-03-06_7N_to_architect.md	doc
docs/agent/handoff_2025-09-11_18-03-06_7N_to_next_agent.md	doc
docs/agent/handoff_2025-09-15_impl_to_architect.md	doc
docs/agent/handoff_20250907-040558_impl_to_arch.md	doc
docs/agent/handoff_20250907_impl_to_impl.md	doc
docs/agent/handoff_20250908-191637_impl_to_impl.md	doc
docs/agent/handoff_20250913T162342Z_7p_to_next.md	doc
docs/agent/handoff_20250914T024522Z_7q_to_next.md	doc
docs/agent/handoff_20250915T222028Z_7T_to_architect.md	doc
docs/agent/handoff_20250916T212929_7W_to_next.md	doc
docs/agent/handoff_latest.md	doc
docs/agent/modular_context_framework.md	doc
docs/agent/performance_targets.md	doc
docs/agent/session_report_20250909-044924.md	doc
docs/agent/tech_stack.yaml	yaml
docs/api/README.md	doc
docs/architecture/.gitkeep	other
docs/architecture/README.md	doc
docs/architecture/TECHNICAL_DECISIONS.md	doc
docs/architecture/branch_consolidation_plan.md	doc
docs/architecture/post_grant_integration_roadmap.md	doc
docs/architecture/scope_taxonomy.md	doc
docs/audit/.gitkeep	other
docs/audit/README.md	doc
docs/audit/a1_fast_accept_v4_20250916T205038Z.txt	other
docs/audit/a1_fast_accept_v6_20250916T205817Z.txt	other
docs/audit/a1_qdrant_functional_20250916T202000Z.txt	other
docs/audit/a1_stack_status_20250916T195444Z.txt	other
docs/audit/a2_bootstrap_20250916T210342Z.txt	other
docs/audit/a2_rule_eval_v1_20250916T210903Z.txt	other
docs/audit/a3_dataset_wire_20250916T231524Z.txt	other
docs/audit/acceptance_pause_20250904-173726.json	json
docs/audit/admin/20250824-203250/SUMMARY.md	doc
docs/audit/admin/20250824-203250/session_receipt.json	json
docs/audit/admin/20250824-203515/SUMMARY.md	doc
docs/audit/admin/20250824-203515/session_receipt.json	json
docs/audit/admin/20250825-015355/SUMMARY.md	doc
docs/audit/admin/20250825-015355/session_receipt.json	json
docs/audit/admin/20250825-024657/SUMMARY.md	doc
docs/audit/admin/20250825-024657/session_receipt.json	json
docs/audit/authorization/scope_decisions/20250825-020709/SUMMARY.md	doc
docs/audit/authorization/scope_decisions/20250825-020709/decisions.jsonl	other
docs/audit/branch_cleanup_receipt_2025-09-11_19-28-31.md	doc
docs/audit/branch_divergence_2025-09-11_18-06-00.txt	other
docs/audit/branch_divergence_2025-09-11_18-09-37.txt	other
docs/audit/branch_prune_receipt_2025-09-11_19-31-50.md	doc
docs/audit/branch_r_summary_2025-09-11_18-17-09.md	doc
docs/audit/cbdt_perf/metrics-20250824-022451.json	json
docs/audit/constitution-engine/20250824-172148/validation.json	json
docs/audit/core_ops/20250823-021235Z/README.md	doc
docs/audit/core_ops/20250823-021235Z/merge_receipt.json	json
docs/audit/dryrun_phase7i_rebase_2025-09-11_18-17-09.md	doc
docs/audit/dryrun_phase7l_2025-09-11_18-11-22.md	doc
docs/audit/dryrun_phase7l_2025-09-11_18-13-14.md	doc
docs/audit/dryrun_phase7l_2025-09-11_18-15-06.md	doc
docs/audit/dryrun_phase8_scaffold_2025-09-11_18-17-09.md	doc
docs/audit/final_repo_state_2025-09-11_19-54-30.md	doc
docs/audit/final_repo_state_2025-09-11_20-01-28.md	doc
docs/audit/final_runtime_snapshot_2025-09-11_18-03-06.txt	other
docs/audit/hardware/gpu_list.txt	other
docs/audit/hardware/gpu_mem.csv	other
docs/audit/hardware/gpu_util_normalized_dev.csv	other
docs/audit/hardware/gpu_util_normalized_test.csv	other
docs/audit/hardware/gpu_util_normalized_train.csv	other
docs/audit/nvidia_smi_2025-09-11_18-03-06.txt	other
docs/audit/p1_scaffold/20250822-202453Z/README.md	doc
docs/audit/p1_scaffold/20250822-202453Z/merge_receipt.json	json
docs/audit/perf/scope/20250825-164112/bench.json	json
docs/audit/performance/baseline/20250825-013137/perf_tests.log	other
docs/audit/performance/baseline/20250825-013137/summary.json	json
docs/audit/performance/engine_precedence/20250825-020407/SUMMARY.md	doc
docs/audit/performance/engine_precedence/20250825-020407/summary.json	json
docs/audit/performance/scope_eval/20250825-020543/SUMMARY.md	doc
docs/audit/performance/scope_eval/20250825-020543/summary.json	json
docs/audit/performance/thresholds.json	json
docs/audit/phase4/20250826-055520/scope_eval_perf.json	json
docs/audit/phase6b_ml_execution/20250828-065807/metrics/observability_summary.json	json
docs/audit/phase6c/20250902-060909_baseline_reanchor.md	doc
docs/audit/phase6c/20250902-062846_config_precision_lift.md	doc
docs/audit/phase6c/20250902-063319_config_precision_lift.md	doc
docs/audit/phase6c/20250902-064522_evidence_pack.md	doc
docs/audit/phase6c/relation_dataset_profile_20250901-235737.md	doc
docs/audit/phase6c/relation_dataset_profile_20250901-235918.md	doc
docs/audit/phase6c/relation_demo_20250901-234923.md	doc
docs/audit/phase6c/relation_full_gpu_20250902-000650.md	doc
docs/audit/phase6c/relation_full_gpu_20250902-001043.md	doc
docs/audit/phase6c/relation_full_gpu_20250902-001154.md	doc
docs/audit/phase6c/relation_full_gpu_20250902-001158.md	doc
docs/audit/phase6c/relation_full_gpu_concept_20250902-003222.md	doc
docs/audit/phase6c/relation_full_gpu_normalized_20250902-002422.md	doc
docs/audit/phase6c/relation_full_gpu_normalized_20250902-002722.md	doc
docs/audit/phase6c/relation_full_run_20250901-235544.md	doc
docs/audit/phase6c/relation_full_run_mapped_20250902-000003.md	doc
docs/audit/phase6c/scoreboard_20250901-232825.md	doc
docs/audit/phase6c/session_20250901-232629.md	doc
docs/audit/phase7/20250902-070343_repo_hygiene.md	doc
docs/audit/phase7a/20250902-161020_real_gold_initial_baseline.md	doc
docs/audit/phase7a/20250902-161208_constitutional_overhead.md	doc
docs/audit/phase7a/20250902-162956_text2nkg_real_gold_baseline.md	doc
docs/audit/phase7a/20250902-163453_text2nkg_real_gold_baseline.md	doc
docs/audit/phase7a/20250902-164950_text2nkg_receipts.md	doc
docs/audit/phase7a/20250902-172105_repo_hygiene.md	doc
docs/audit/phase7a/20250902-172529_biomed_validation_runs_CI.md	doc
docs/audit/phase7a/20250902-173531_fullrun_validation_CI.md	doc
docs/audit/phase7a/20250902-174030_rca_gold_unavailable.md	doc
docs/audit/phase7a/20250902-174505_fullrun_text2nkg_gold.md	doc
docs/audit/phase7a/20250902-180528_synthetic_gold_sanity.md	doc
docs/audit/phase7a/20250902-180934_recap_context_scoring.md	doc
docs/audit/phase7a/20250902-182433_synthetic_sanity_recap.md	doc
docs/audit/phase7a/20250902-182645_phase7a_handoff.md	doc
docs/audit/phase7a/20250902-232756_fullrun_text2nkg_gold.md	doc
docs/audit/phase7a/20250902-233618_fullrun_text2nkg_gold.md	doc
docs/audit/phase7c_demo_receipt_20250904-181100.json	json
docs/audit/phase7d_group10_progress_20250904-223411.json	json
docs/audit/phase7d_group11_progress_20250904-223626.json	json
docs/audit/phase7d_group2_progress_20250904-220728.json	json
docs/audit/phase7d_group2_progress_20250904-221209.json	json
docs/audit/phase7d_group2_progress_20250904-221747.json	json
docs/audit/phase7d_group3_progress_20250904-221505.json	json
docs/audit/phase7d_group3_progress_20250904-223953.json	json
docs/audit/phase7d_group4_completion_20250904-221209.json	json
docs/audit/phase7d_group4_progress_20250904-215548.json	json
docs/audit/phase7d_group6_progress_20250904-220937.json	json
docs/audit/phase7d_group6_progress_20250904-223626.json	json
docs/audit/phase7d_reasoning_perf_20250904-220423.json	json
docs/audit/phase7o/ACCEPTANCE_7O_20250912_020827.md	doc
docs/audit/phase7o/ACCEPTANCE_7O_F1_20250912_153753.md	doc
docs/audit/phase7o/SUMMARY_7O_20250912_020054.md	doc
docs/audit/phase7o/receipts/SCIERC_NER_F1_20250912_160341_sentinel.txt	other
docs/audit/phase7o/receipts/_busybox_write_20250912_160341.ok	other
docs/audit/phase7o/receipts/_host_write_test_20250912_155320.ok	other
docs/audit/phase7o/receipts/gates_7i_20250912_022114.log	other
docs/audit/phase7o/receipts/gpu_runtime_20250912_010242.log	other
docs/audit/phase7o/receipts/gpu_runtime_20250912_012125.log	other
docs/audit/phase7o/receipts/gpu_runtime_20250912_012316_assert_cuda.log	other
docs/audit/phase7o/receipts/harvest_scierc_f1_20250912_153753.log	other
docs/audit/phase7o/receipts/repo_prep_20250912_013151.log	other
docs/audit/phase7o/receipts/scierc_discovery_20250912_022442.log	other
docs/audit/phase7o/receipts/scierc_full_v6_20250912_151014.log	other
docs/audit/phase7o/receipts/scierc_preflight_20250912_022113.log	other
docs/audit/phase7o/receipts/scierc_ready_20250912_012837.log	other
docs/audit/phase7p_receipt_20250913T162342Z.log	other
docs/audit/phase7t/anchor_docs_phase7s_20250915T211705Z.json	json
docs/audit/phase7t/anchor_manifest_20250915T213157Z.json	json
docs/audit/phase7t/anchor_manifest_20250915T214408Z.json	json
docs/audit/phase7t/cas_local_20250915T212827Z.json	json
docs/audit/phase7t/cas_local_20250915T213157Z.json	json
docs/audit/phase7t/cas_local_20250915T214408Z.json	json
docs/audit/phase7t/package_enhanced_20250915T214408Z.json	json
docs/audit/phase7t/qa_perf_20250915T215734Z.json	json
docs/audit/phase7w/CLOSEOUT_20250917T023358Z.txt	other
docs/audit/pipeline/pipeline_budget/20250825-055405/run_once.json	json
docs/audit/pipeline/pipeline_budget/20250825-060435/run_once.json	json
docs/audit/pipeline/pipeline_budget/20250825-060549/run_once.json	json
docs/audit/pipeline/pipeline_budget/20250825-060806/run_once.json	json
docs/audit/pipeline/pipeline_budget/20250825-214717/run_once.json	json
docs/audit/pipeline/pipeline_budget/20250825-214815/run_once.json	json
docs/audit/pipeline/pipeline_cbdt/20250825-153832/e2e-micro-001.json	json
docs/audit/pipeline/pipeline_cbdt/20250825-153832/manual-check-001.json	json
docs/audit/pipeline/pipeline_cbdt/20250825-154029/budget-micro-001.json	json
docs/audit/pipeline/pipeline_cbdt/20250825-154029/e2e-micro-001.json	json
docs/audit/pipeline/pipeline_cbdt/20250825-154255/budget-micro-001.json	json
docs/audit/pipeline/pipeline_cbdt/20250825-154255/e2e-micro-001.json	json
docs/audit/pipeline/pipeline_cbdt/20250825-155207/budget-micro-001.json	json
docs/audit/pipeline/pipeline_cbdt/20250825-155207/e2e-micro-001.json	json
docs/audit/pipeline/pipeline_cbdt/20250825-155922/budget-micro-001.json	json
docs/audit/pipeline/pipeline_cbdt/20250825-155922/doc-2.json	json
docs/audit/pipeline/pipeline_cbdt/20250825-155922/e2e-micro-001.json	json
docs/audit/pipeline/pipeline_cbdt/20250825-160109/budget-micro-001.json	json
docs/audit/pipeline/pipeline_cbdt/20250825-160109/doc-2.json	json
docs/audit/pipeline/pipeline_cbdt/20250825-160109/e2e-micro-001.json	json
docs/audit/pipeline/pipeline_cbdt/20250825-160428/budget-micro-001.json	json
docs/audit/pipeline/pipeline_cbdt/20250825-160428/doc-2.json	json
docs/audit/pipeline/pipeline_cbdt/20250825-160428/e2e-micro-001.json	json
docs/audit/pipeline/pipeline_cbdt/20250825-160428/r1.json	json
docs/audit/pipeline/pipeline_cbdt/20250825-160709/budget-micro-001.json	json
docs/audit/pipeline/pipeline_cbdt/20250825-160709/doc-2.json	json
docs/audit/pipeline/pipeline_cbdt/20250825-160709/e2e-micro-001.json	json
docs/audit/pipeline/pipeline_cbdt/20250825-160709/r1.json	json
docs/audit/pipeline/pipeline_cbdt/20250825-162023/budget-micro-001.json	json
docs/audit/pipeline/pipeline_cbdt/20250825-162023/doc-2.json	json
docs/audit/pipeline/pipeline_cbdt/20250825-162023/e2e-micro-001.json	json
docs/audit/pipeline/pipeline_cbdt/20250825-162023/r1.json	json
docs/audit/pipeline/pipeline_cbdt/20250825-162318/doc-2.json	json
docs/audit/pipeline/pipeline_cbdt/20250825-162319/budget-micro-001.json	json
docs/audit/pipeline/pipeline_cbdt/20250825-162319/e2e-micro-001.json	json
docs/audit/pipeline/pipeline_cbdt/20250825-162319/r1.json	json
docs/audit/pipeline/pipeline_cbdt/20250825-162516/budget-micro-001.json	json
docs/audit/pipeline/pipeline_cbdt/20250825-162516/doc-2.json	json
docs/audit/pipeline/pipeline_cbdt/20250825-162516/e2e-micro-001.json	json
docs/audit/pipeline/pipeline_cbdt/20250825-162516/r1.json	json
docs/audit/pipeline/pipeline_cbdt/20250825-163255/budget-micro-001.json	json
docs/audit/pipeline/pipeline_cbdt/20250825-163255/doc-2.json	json
docs/audit/pipeline/pipeline_cbdt/20250825-163255/e2e-micro-001.json	json
docs/audit/pipeline/pipeline_cbdt/20250825-163428/budget-micro-001.json	json
docs/audit/pipeline/pipeline_cbdt/20250825-163428/doc-2.json	json
docs/audit/pipeline/pipeline_cbdt/20250825-163428/e2e-micro-001.json	json
docs/audit/pipeline/pipeline_cbdt/20250825-163556/budget-micro-001.json	json
docs/audit/pipeline/pipeline_cbdt/20250825-163556/doc-2.json	json
docs/audit/pipeline/pipeline_cbdt/20250825-163556/e2e-micro-001.json	json
docs/audit/pipeline/pipeline_cbdt/20250825-163825/budget-micro-001.json	json
docs/audit/pipeline/pipeline_cbdt/20250825-163825/doc-2.json	json
docs/audit/pipeline/pipeline_cbdt/20250825-163825/e2e-micro-001.json	json
docs/audit/pipeline/pipeline_cbdt/20250825-163946/budget-micro-001.json	json
docs/audit/pipeline/pipeline_cbdt/20250825-163946/doc-2.json	json
docs/audit/pipeline/pipeline_cbdt/20250825-163946/e2e-micro-001.json	json
docs/audit/pipeline/pipeline_cbdt/20250825-164344/budget-micro-001.json	json
docs/audit/pipeline/pipeline_cbdt/20250825-164344/doc-2.json	json
docs/audit/pipeline/pipeline_cbdt/20250825-164344/e2e-micro-001.json	json
docs/audit/pipeline/pipeline_cbdt/20250825-164717/budget-micro-001.json	json
docs/audit/pipeline/pipeline_cbdt/20250825-164717/doc-2.json	json
docs/audit/pipeline/pipeline_cbdt/20250825-164717/e2e-micro-001.json	json
docs/audit/pipeline/pipeline_cbdt/20250825-164717/r1.json	json
docs/audit/pipeline/pipeline_cbdt/20250825-164815/budget-micro-001.json	json
docs/audit/pipeline/pipeline_cbdt/20250825-164815/doc-2.json	json
docs/audit/pipeline/pipeline_cbdt/20250825-164815/e2e-micro-001.json	json
docs/audit/pipeline/pipeline_cbdt/20250825-164815/r1.json	json
docs/audit/pipeline/pipeline_cbdt/_last/budget-micro-001.json	json
docs/audit/pipeline/pipeline_cbdt/_last/doc-2.json	json
docs/audit/pipeline/pipeline_cbdt/_last/e2e-micro-001.json	json
docs/audit/pipeline/pipeline_cbdt/_last/manual-check-001.json	json
docs/audit/pipeline/pipeline_cbdt/_last/r1.json	json
docs/audit/pipeline/pipeline_e2e/20250825-052226/run_once.json	json
docs/audit/pipeline/pipeline_e2e/20250825-054624/run_once.json	json
docs/audit/pipeline/pipeline_e2e/20250825-055148/run_once.json	json
docs/audit/pipeline/pipeline_e2e/20250825-055405/run_once.json	json
docs/audit/pipeline/pipeline_e2e/20250825-060435/run_once.json	json
docs/audit/pipeline/pipeline_e2e/20250825-060549/run_once.json	json
docs/audit/pipeline/pipeline_e2e/20250825-060806/run_once.json	json
docs/audit/pipeline/pipeline_e2e/20250825-205922/run_once.json	json
docs/audit/pipeline/pipeline_e2e/20250825-210109/run_once.json	json
docs/audit/pipeline/pipeline_e2e/20250825-210428/run_once.json	json
docs/audit/pipeline/pipeline_e2e/20250825-210709/run_once.json	json
docs/audit/pipeline/pipeline_e2e/20250825-212023/run_once.json	json
docs/audit/pipeline/pipeline_e2e/20250825-212318/run_once.json	json
docs/audit/pipeline/pipeline_e2e/20250825-212319/run_once.json	json
docs/audit/pipeline/pipeline_e2e/20250825-212516/run_once.json	json
docs/audit/pipeline/pipeline_e2e/20250825-213255/run_once.json	json
docs/audit/pipeline/pipeline_e2e/20250825-213428/run_once.json	json
docs/audit/pipeline/pipeline_e2e/20250825-213556/run_once.json	json
docs/audit/pipeline/pipeline_e2e/20250825-213825/run_once.json	json
docs/audit/pipeline/pipeline_e2e/20250825-213946/run_once.json	json
docs/audit/pipeline/pipeline_e2e/20250825-214344/run_once.json	json
docs/audit/pipeline/pipeline_e2e/20250825-214717/run_once.json	json
docs/audit/pipeline/pipeline_e2e/20250825-214815/run_once.json	json
docs/audit/pipeline/pipeline_oscar/20250825-214344/oscar-shape-001.json	json
docs/audit/pipeline/pipeline_oscar/20250825-214344/x2.json	json
docs/audit/pipeline/pipeline_oscar/20250825-214717/oscar-shape-001.json	json
docs/audit/pipeline/pipeline_oscar/20250825-214717/x2.json	json
docs/audit/pipeline/pipeline_oscar/20250825-214815/oscar-shape-001.json	json
docs/audit/pipeline/pipeline_oscar/20250825-214815/x2.json	json
docs/audit/pipeline/pipeline_oscar/_last/oscar-shape-001.json	json
docs/audit/pipeline/pipeline_oscar/_last/x2.json	json
docs/audit/pipeline/pipeline_perf/20250825-054624/run_once.json	json
docs/audit/pipeline/pipeline_perf/20250825-055148/run_once.json	json
docs/audit/pipeline/pipeline_perf/20250825-055405/run_once.json	json
docs/audit/pipeline/pipeline_perf/20250825-060435/run_once.json	json
docs/audit/pipeline/pipeline_perf/20250825-060549/run_once.json	json
docs/audit/pipeline/pipeline_perf/20250825-060806/run_once.json	json
docs/audit/pipeline/pipeline_perf/20250825-214717/run_once.json	json
docs/audit/pipeline/pipeline_perf/20250825-214815/run_once.json	json
docs/audit/pipeline/pipeline_prov/20250825-213825/p2.json	json
docs/audit/pipeline/pipeline_prov/20250825-213825/prov-shape-001.json	json
docs/audit/pipeline/pipeline_prov/20250825-213946/p2.json	json
docs/audit/pipeline/pipeline_prov/20250825-213946/prov-shape-001.json	json
docs/audit/pipeline/pipeline_prov/20250825-214344/p2.json	json
docs/audit/pipeline/pipeline_prov/20250825-214344/prov-shape-001.json	json
docs/audit/pipeline/pipeline_prov/20250825-214717/p2.json	json
docs/audit/pipeline/pipeline_prov/20250825-214717/prov-shape-001.json	json
docs/audit/pipeline/pipeline_prov/20250825-214815/p2.json	json
docs/audit/pipeline/pipeline_prov/20250825-214815/prov-shape-001.json	json
docs/audit/pipeline/pipeline_prov/_last/p2.json	json
docs/audit/pipeline/pipeline_prov/_last/prov-shape-001.json	json
docs/audit/provenance/phase7e_provenance.jsonld	other
docs/audit/receipt_20250904-053110.json	json
docs/audit/roadmap_align/20250821T192432Z/report.md	doc
docs/audit/roadmap_align/20250821T193514Z/report.md	doc
docs/audit/roadmap_align/20250821T203325Z/report.md	doc
docs/audit/roadmap_align/20250821T233917Z/report.md	doc
docs/audit/security/fail_closed/20250825-015909/SUMMARY.md	doc
docs/audit/security/fail_closed/20250825-015909/receipt.json	json
docs/audit/security/fail_open_guard/20250825-021650/SUMMARY.md	doc
docs/audit/security/fail_open_guard/20250825-021650/summary.json	json
docs/audit/stream1/20250820-193637/validation.json	json
docs/audit/stream1/20250820-194755/validation.json	json
docs/audit/stream1/20250820-200648/validation.json	json
docs/audit/streams12/20250819-150429/README.md	doc
docs/audit/streams12/20250819-150429/qdrant_bench.json	json
docs/audit/streams12/20250819-150429/validation.json	json
docs/audit/validation/graph_bridge/20250825-041015/summary.json	json
docs/audit/validation/graph_bridge/20250825-041207/summary.json	json
docs/audit/validation/tristate_distribution/20250825-020326/SUMMARY.md	doc
docs/audit/validation/tristate_distribution/20250825-020326/summary.json	json
docs/automation/ingestion_output/.gitignore	other
docs/automation/ingestion_output/doc_index.txt	other
docs/automation/ingestion_output/doc_manifest.tsv	other
docs/automation/ingestion_output/ingestion.log	other
docs/automation/ingestion_output/rsh_pipeline_status.tsv	other
docs/automation_progression.md	doc
docs/ci/ci_gates_7e.md	doc
docs/constraints/phase7c_tri_state.md	doc
docs/constraints/phase7d_conflict_resolution.md	doc
docs/constraints/phase7d_math_guarantees.md	doc
docs/constraints/phase7d_precedent_wiring.md	doc
docs/coordination/phase7d_plan.md	doc
docs/decisions/.gitkeep	other
docs/decisions/2025-09-11_branch_merge_cleanup_plan.md	doc
docs/decisions/2025-09-11_podman_gpu_blocker.md	doc
docs/decisions/2025-09-11_runtime_blocker_seal.md	doc
docs/decisions/2025-09-12_scierc_entrypoint_discovery.md	doc
docs/decisions/ADR-0007E-operator-workflow.md	doc
docs/decisions/ADR-2506-UX-001(Favicon Gradient).md	doc
docs/decisions/ADR-2508-AGT-001.md	doc
docs/decisions/ADR-2508-ARC-014.md	doc
docs/decisions/ADR-2508-ARC-015.md	doc
docs/decisions/ADR-2508-CON-001.md	doc
docs/decisions/ADR-2508-CON-002.md	doc
docs/decisions/ADR-2508-DOC-001.md	doc
docs/decisions/ADR-2508-GOV-001.md	doc
docs/decisions/ADR-2508-PRC-009.md	doc
docs/decisions/ADR-2508-PRC-010.md	doc
docs/decisions/ADR-2508-PRC-011.md	doc
docs/decisions/ADR-2508-PRC-012.md	doc
docs/decisions/ADR-2508-PRC-013.md	doc
docs/decisions/ADR-2508-RSH-001.md	doc
docs/decisions/ADR-2508-RSH-002.md	doc
docs/decisions/ADR-2508-RSH-003.md	doc
docs/decisions/ADR-2508-RSH-004.md	doc
docs/decisions/ADR-2508-SEC-003.md	doc
docs/decisions/ADR-2508-VEN-000.md	doc
docs/decisions/ADR-2508-VEN-002.md	doc
docs/decisions/ADR-2508-VEN-003.md	doc
docs/decisions/ADR-2508-VEN-004.md	doc
docs/decisions/ADR-2508-VEN-005.md	doc
docs/decisions/ADR-2508-VEN-006.md	doc
docs/decisions/ADR-2508-VEN-007.md	doc
docs/decisions/ADR-2508-VEN-008.md	doc
docs/decisions/ADR-2508-VEN-013.md	doc
docs/decisions/legacy-backup-20250804-223310/0002-backend-language.md	doc
docs/decisions/legacy-backup-20250804-223310/0003-frontend-framework.md	doc
docs/decisions/legacy-backup-20250804-223310/0004-message-broker.md	doc
docs/decisions/legacy-backup-20250804-223310/0005-task-queue.md	doc
docs/decisions/legacy-backup-20250804-223310/0006-relational-db.md	doc
docs/decisions/legacy-backup-20250804-223310/0007-vector-store.md	doc
docs/decisions/legacy-backup-20250804-223310/0008-knowledge-graph.md	doc
docs/decisions/legacy-backup-20250804-223310/0009-container-runtime.md	doc
docs/decisions/legacy-backup-20250804-223310/0010-object-store.md	doc
docs/decisions/legacy-backup-20250804-223310/0011-github-workflow.md	doc
docs/decisions/legacy-backup-20250804-223310/0012-label-taxonomy.md	doc
docs/decisions/legacy-backup-20250804-223310/0013-commit-style.md	doc
docs/decisions/legacy-backup-20250804-223310/0014-ci-pre-commit.md	doc
docs/decisions/legacy-backup-20250804-223310/0015-in-memory-cache.md	doc
docs/decisions/legacy-backup-20250804-223310/0016-rag-orchestration.md	doc
docs/decisions/phase_7q_strategic_pivot.md	doc
docs/deployment/LOCAL_DEV_DB.md	doc
docs/deployment/MINIO_DEV.md	doc
docs/deployment/README.md	doc
docs/e2e/scenarios.md	doc
docs/engineering/memory_strategy_3080.md	doc
docs/evidence/blocked_gallery_phase7c_demo.md	doc
docs/evidence/phase7c_evidence_pack.md	doc
docs/evidence/phase7d/phase7d_evidence_bundle.json	json
docs/evidence/phase7d/phase7d_evidence_pack.md	doc
docs/evidence/phase7e/enriched_examples/README.md	doc
docs/evidence/phase7e/enriched_examples/examples_index.json	json
docs/evidence/phase7e/enriched_examples/stats.json	json
docs/evidence/phase7e/pack.json	json
docs/evidence/phase7e/pack.md	doc
docs/evidence/phase7f/enriched_examples/README.md	doc
docs/evidence/phase7f/enriched_examples/examples_index.json	json
docs/evidence/phase7f/pack.json	json
docs/evidence/phase7f/pack.md	doc
docs/grants/phase6c_evidence_pack.md	doc
docs/handoff/phase4_kickoff.md	doc
docs/implementation/BIORD_SOURCE_STATUS.md	doc
docs/implementation/COMMITS_BY_DAY_20250831-030104.md	doc
docs/implementation/GIT_HISTORY_20250831-010730.md	doc
docs/implementation/PHASE5_IMPLEMENTATION_NOTES.md	doc
docs/implementation/PHASE6_SciBERT_NOTES.md	doc
docs/implementation/PROVENANCE_GUIDE.md	doc
docs/implementation/PR_PHASE6C_BODY.md	doc
docs/implementation/PR_TEMPLATE_7E.md	doc
docs/implementation/VELOCITY_20250831-011326.md	doc
docs/implementation/phase2/240-deny-precedence-plan.md	doc
docs/implementation/phase2/REVIEWER_GUIDE.md	doc
docs/implementation/phase3/README.md	doc
docs/implementation/phase6c_handoff.md	doc
docs/implementation/phase6c_handoff_summary.json	json
docs/implementation/phase6c_results.md	doc
docs/label_mapping.md	doc
docs/metadata/anchor_meta_phase7c_demo.jsonl	other
docs/operations/FEATURE_FLAGS.md	doc
docs/operations/ML_LOCAL_QUICKSTART.md	doc
docs/operations/ROLLBACK_PLAYBOOK.md	doc
docs/operators/conflict_vote_quickstart.md	doc
docs/operators/conflict_vote_schema.yaml	yaml
docs/operators/dependency_interaction_analysis.md	doc
docs/peer_runs/README.md	doc
docs/performance_metrics.md	doc
docs/phase4/acceptance_tests.md	doc
docs/phase4/graph_storage_architecture.md	doc
docs/phase4/n_ary_modeling.md	doc
docs/phase5/ml_integration.md	doc
docs/phase7f/FINAL.md	doc
docs/phase7f/FINAL.md.bak.20250907-041303	other
docs/phase7f/GRANT_SUMMARY.md	doc
docs/phase7f/STATUS.md	doc
docs/phase7f/STATUS.md.bak.20250907-041303	other
docs/phase7f/audit/README.md	doc
docs/phase7f/e2e/README.md	doc
docs/phase7f/orchestrator/PARALLEL.md	doc
docs/phase7f/orchestrator/README.md	doc
docs/phase7f/perf/README.md	doc
docs/phase7f/plans/README.md	doc
docs/phase7f/plans/ci_gates_plan.json	json
docs/phase7f/plans/neo4j_indexes.cql	other
docs/phase7f/plans/orchestrator_spec.json	json
docs/phase7f/plans/revocation_commit_plan.json	json
docs/phase7f/revocation/COMMIT.md	doc
docs/phase7f/revocation/README.md	doc
docs/phase7f/revocation/SCENARIOS.md	doc
docs/phase7f/revocation/scenarios/branched.json	json
docs/phase7f/revocation/scenarios/cycle.json	json
docs/phase7f/revocation/scenarios/simple.json	json
docs/phase7f/safety/TriState.md	doc
docs/phase7g/ARCH_SUMMARY.md	doc
docs/phase7g/CONFIG.md	doc
docs/phase7g/DATA_CONTRACT_SCIERC.md	doc
docs/phase7g/ERROR_ANALYSIS_NOTES.md	doc
docs/phase7g/MERGE_PLAN.md	doc
docs/phase7g/PURE_PLAN.md	doc
docs/phase7g/RECEIPTS_INDEX.md	doc
docs/phase7g/REVIEW_CHECKLIST.md	doc
docs/phase7g/REVIEW_PACKET.md	doc
docs/phase7g/RE_E1_MILESTONE.md	doc
docs/phase7g/STATUS.md	doc
docs/phase7h/CHECKPOINTS.json	json
docs/phase7h/FULL_SUITE_SUMMARY.md	doc
docs/phase7h/RECEIPTS_INDEX.md	doc
docs/phase7h/RECEIPTS_MANIFEST.json	json
docs/phase7h/STATUS.md	doc
docs/phase7i/ACCEPTANCE_REPORT.md	doc
docs/phase7i/BRANCH_DISPOSITION.txt	other
docs/phase7i/DATASETS.txt	other
docs/phase7i/DATA_SOURCES.example.env	other
docs/phase7i/EVAL_GUIDE.txt	other
docs/phase7i/HANDOFF_FINAL_20250909-203726.md	doc
docs/phase7i/PR_CLOSEOUT_CHECKLIST.md	doc
docs/phase7i/RECEIPTS_INDEX.md	doc
docs/phase7i/RUNNERS_SETUP.txt	other
docs/phase7i/SESSION_HANDOFF.md	doc
docs/phase7i/SPLITS_SNAPSHOT_20250909-184031.json	json
docs/phase7i/STATUS.md	doc
docs/phase7s/COLLAB_INVITE.md	doc
docs/phase7s/COLLAB_INVITE_EMAIL.txt	other
docs/phase7s/COMMUNITY_VALIDATION.md	doc
docs/phase7s/G2_NATIVE_UBUNTU_GATE.md	doc
docs/phase7s/GRANT_SUBMISSION_README.md	doc
docs/phase7s/INDEX.md	doc
docs/phase7s/RELEASE_NOTES_7S.md	doc
docs/phase7s/REVIEW_HANDOFF.md	doc
docs/phase7t/INSTALL_ENHANCED.md	doc
docs/phase7t/MIGRATION_7S_to_7T.md	doc
docs/phase7t/PROVENANCE_README.md	doc
docs/phase7t/provenance_receipt.schema.json	json
docs/phase8/STATUS.md	doc
docs/phase8/TODO_EVALUATORS.md	doc
docs/phase8/TODO_LOADERS.md	doc
docs/plans/phase6c/relation_extraction_plan.md	doc
docs/policy/constitution.json	json
docs/positioning/phase7d_competitive_positioning.md	doc
docs/process/adr-creation-checklist.md	doc
docs/process/adr-type-system.md	doc
docs/process/branching-strategy.md	doc
docs/process/github-standards.md	doc
docs/process/label-taxonomy.md	doc
docs/protocols/END_OF_LOG_SPEC.md	doc
docs/quickstart.md	doc
"docs/reference/Choosing the Right Database for Your \342\200\234Second Brain\342\200\235 Project.pdf"	other
docs/reference/DARF Architecture Onboarding & Re.md	doc
docs/reference/DARF v1.2.md	doc
docs/reference/DARF v4.md	doc
docs/reference/Design Tokens (WIP).md	doc
"docs/reference/Janus Backend Architecture \342\200\223 Onboarding Brief.pdf"	other
"docs/reference/Redis vs RabbitMQ as Dramatiq Brokers \342\200\223 A Durable Self\342\200\221Hosted Task Queue Comparison.pdf"	other
docs/reference/System Reference Document.md	doc
"docs/reference/Tailoring Your Backend Stack for an AI-Powered \342\200\234Second Brain\342\200\235.pdf"	other
docs/reference/Updated_Backend_Architecture_Plan__Expanded_.csv	other
docs/reference/_dedupe_report.md	doc
docs/reference/backend_stack_overview.md	doc
docs/reference/backend_stack_summary (1).md	doc
docs/reference/backend_stack_summary.md	doc
docs/reference/compass_artifact_wf-a333b190-ce85-49a8-9dbe-18ca0b9c7c79_text_markdown.md	doc
docs/reference/darf-mvp-theory-complete.md	doc
docs/reference/system-reference-document.md	doc
docs/reference/theoretical_foundation.md	doc
docs/reference/updated_repository_structure_for_janus_adr_system.md	doc
docs/reports/2025-08-08-eol-draft.md	doc
docs/reports/2025-08-09-architect-triage.md	doc
docs/research/RESEARCH_SYNTHESIS.md	doc
docs/roadmap/PHASE5_STATUS.md	doc
docs/roadmap/README.md	doc
docs/run_eval_scored.md	doc
docs/runbooks/ingest_validate.md	doc
docs/schemas/metrics_v1.json	json
docs/scierc_char_gold.md	doc
docs/scoreboards/biored_phase7a_20250903-172808.json	json
docs/scoreboards/phase7g/.gitkeep	other
docs/scoreboards/phase7g/e2_readiness.json	json
docs/scoreboards/phase7g/progression_v5_v7.json	json
docs/scoreboards/phase7g/pure_scratchpad.json	json
docs/scoreboards/phase7g/scierc_dev_baseline.json	json
docs/scoreboards/phase7g/scierc_dev_baseline_v3.json	json
docs/scoreboards/phase7g/scierc_dev_baseline_v4.json	json
docs/scoreboards/phase7g/scierc_dev_baseline_v5.json	json
docs/scoreboards/phase7g/scierc_dev_baseline_v6.json	json
docs/scoreboards/phase7g/scierc_dev_baseline_v7.json	json
docs/scoreboards/phase7i/README.txt	other
docs/scoreboards/phase7i/comparison_20250909-182724.md	doc
docs/scoreboards/phase7i/literature_baselines.json	json
docs/scoreboards/phase7i/scoreboard_20250909-175910.jsonl	other
docs/scoreboards/phase7i/scoreboard_20250909-180240.jsonl	other
docs/scoreboards/phase7i/scoreboard_20250909-180405.jsonl	other
docs/scoreboards/phase7i/summary_20250909-181414.md	doc
docs/scoreboards/phase8/README.md	doc
docs/scoreboards/phase8/SUMMARY.md	doc
docs/session-checklist.md	doc
docs/status/phase7r_daily.md	doc
docs/templates/agt-template.md	doc
docs/templates/arc-template.md	doc
docs/templates/con-template.md	doc
docs/templates/doc-template.md	doc
docs/templates/rsh-template.md	doc
docs/templates/sec-template.md	doc
docs/templates/ven-template.md	doc
docs/theory/RNL_Examples_Cookbook.md	doc
docs/theory/RNL_Fencing_Case_Study.md	doc
docs/theory/RNL_Glossary.md	doc
docs/theory/RNL_Theory_and_Use_Cases.md	doc
docs/troubleshooting.md	doc
docs/usage/relation_demo.md	doc
docs/validator_protocol.md	doc
docs/windows_native_path.md	doc
external/PURE/Dockerfile	other
external/PURE/code	other
external/PURE/docker_run_scierc.sh	bash
extractors	other
fix-rag-query.patch	other
fix.patch	other
handoffs/phase7t/architect_handoff_phase7t.md	doc
handoffs/phase7t/implementation_handoff_7s_to_7t.md	doc
infra/podman/README_podman.md	doc
infra/podman/podman-compose.yml	yaml
install.sh	bash
install/bootstrap.sh	bash
install/python_cuda.sh	bash
metrics_test.json	json
models/cache/biobert-base-cased-v1.1/.gitattributes	other
models/cache/biobert-base-cased-v1.1/config.json	json
models/cache/biobert-base-cased-v1.1/vocab.txt	other
models/cache/scibert-scivocab-uncased/config.json	json
models/cache/scibert-scivocab-uncased/special_tokens_map.json	json
models/cache/scibert-scivocab-uncased/tokenizer.json	json
models/cache/scibert-scivocab-uncased/tokenizer_config.json	json
models/cache/scibert-scivocab-uncased/vocab.txt	other
models/model_registry.json	json
mypy.ini	config
open-darf-wc/.github/workflows/peer_validator.yml	yaml
open-darf-wc/.gitignore	other
open-darf-wc/README.md	doc
open-darf-wc/START.ps1	powershell
open-darf-wc/docker-compose.override.yml.disabled	other
open-darf-wc/docker-compose.strict-off.yml	yaml
open-darf-wc/docker-compose.yml	yaml
open-darf-wc/docs/agent/repo_baseline.txt	other
open-darf-wc/docs/compose_vs_bare_neo4j.md	doc
open-darf-wc/docs/handoff/phase7y_handoff_impl_agent_7Y.md	doc
open-darf-wc/docs/learning/lesson_01_introduction.md	doc
open-darf-wc/docs/learning/lesson_02_docker_stack.md	doc
open-darf-wc/docs/learning/lesson_03_constitutional_ai.md	doc
open-darf-wc/docs/markdown_fences_policy.md	doc
open-darf-wc/docs/peer_validator_onboarding.md	doc
open-darf-wc/infra/postgres/init/001-audit-schema.sql	sql
open-darf-wc/neo4j_seed.cypher	cypher
open-darf-wc/scripts/_hb.sh	bash
open-darf-wc/scripts/build_peer_bundle.ps1	powershell
open-darf-wc/scripts/build_peer_bundle.sh	bash
open-darf-wc/scripts/check_ports.sh	bash
open-darf-wc/scripts/ci_evidence.ps1	powershell
open-darf-wc/scripts/ci_evidence.sh	bash
open-darf-wc/scripts/evidence_pack.ps1	powershell
open-darf-wc/scripts/evidence_pack.sh	bash
open-darf-wc/scripts/health_wait.sh	bash
open-darf-wc/scripts/install.ps1	powershell
open-darf-wc/scripts/install.sh	bash
open-darf-wc/scripts/install_and_run.ps1	powershell
open-darf-wc/scripts/install_and_run.sh	bash
open-darf-wc/scripts/kill_switch.ps1	powershell
open-darf-wc/scripts/kill_switch.sh	bash
open-darf-wc/scripts/learn.ps1	powershell
open-darf-wc/scripts/learn.sh	bash
open-darf-wc/scripts/lint_no_triple_backticks.sh	bash
open-darf-wc/scripts/run.ps1	powershell
open-darf-wc/scripts/run.sh	bash
open-darf-wc/scripts/run_validator_suite.sh	bash
open-darf-wc/scripts/sanitize_markdown_fences.sh	bash
open-darf-wc/scripts/validate.ps1	powershell
open-darf-wc/scripts/validate.sh	bash
open-darf-wc/scripts/validator_acceptance.ps1	powershell
open-darf-wc/scripts/validator_acceptance.sh	bash
open-darf-wc/start.sh	bash
open-darf/Makefile	other
open-darf/bin/doctor.sh	bash
open-darf/docs/README.md	doc
open-darf/docs/TROUBLESHOOTING.md	doc
open-darf/install.sh	bash
open-darf/scripts/oneclick.sh	bash
open-darf/scripts/quickstart.sh	bash
open-darf/validate/generate_evidence.sh	bash
open-darf/validate/run_minimal.sh	bash
ops/bin/_compose_args.sh	bash
ops/bin/_compose_files.sh	bash
ops/bin/_flock_append.sh	bash
ops/bin/_ingest_worker.sh	bash
ops/bin/_ingest_worker2.sh	bash
ops/bin/_now_ns.sh	bash
ops/bin/cas_get.sh	bash
ops/bin/cas_put.sh	bash
ops/bin/compare_manifests.sh	bash
ops/bin/cores.sh	bash
ops/bin/hash_file.sh	bash
ops/bin/ingest_path.sh	bash
ops/bin/manifest_root.sh	bash
ops/bin/mc.sh	bash
ops/bin/mc_host.sh	bash
ops/bin/neo4j_exec.sh	bash
ops/bin/peer	other
ops/bin/peer_down.sh	bash
ops/bin/peer_health.sh	bash
ops/bin/peer_ports_hygiene.sh	bash
ops/bin/peer_probe_json.sh	bash
ops/bin/peer_up.sh	bash
ops/bin/router_stage3.sh	bash
ops/bin/safe_timeout.sh	bash
ops/bin/tri_state_validator.sh	bash
ops/bin/validate_readiness.sh	bash
ops/bin/validator_benchmark.sh	bash
ops/bin/write_peer_safe_receipt.sh	bash
ops/compose/.env	other
ops/compose/compose.health.yml	yaml
ops/compose/compose.override.yml	yaml
ops/compose/compose.yml	yaml
ops/compose/minio/init.sh	bash
ops/compose/minio/sanity.sh	bash
ops/compose/neo4j/init.cypher	cypher
ops/compose/postgres/init.sql	sql
ops/compose/qdrant/init.sh	bash
ops/tests/test_churn_merkle.sh	bash
ops/tests/test_manifest_rename.sh	bash
ops/tests/test_neo4j_lineage.sh	bash
package.json	json
packages/__init__.py	python
packages/adr-generator/adr-structure-analyzer.sh	bash
packages/adr-generator/validate-fixed-adrs.sh	bash
packages/darf_config/__init__.py	python
packages/darf_config/settings.py	python
packages/governance-poc/memory_tile.py	python
packages/ingestion/document-ingestion.sh	bash
pnpm-lock.yaml	yaml
pnpm-workspace.yaml	yaml
poetry.lock	other
pyproject.toml	toml
pytest.ini	config
receipts/_last/README.receipts_schema.md	doc
repo_analysis.txt	other
requirements-dev.txt	other
requirements-ml.txt	other
requirements-phase2.txt	other
requirements/ml.txt	other
requirements/ml_bio.txt	other
requirements/pure.txt	other
resume_session.sh	bash
ruff.toml	toml
scripts/__init__.py	python
scripts/bench_constitution_engine.py	python
scripts/ci_phase7a_checks.sh	bash
scripts/ci_verify_gates.py	python
scripts/compare_to_baselines.py	python
scripts/config_validate.py	python
scripts/darf_merkle_root.py	python
scripts/datasets_fetch.py	python
scripts/e2_target_tracker.py	python
scripts/e2e_bootstrap.sh	bash
scripts/emit_perf_and_constitution.py	python
scripts/emit_perf_and_constitution.py.bak.20250901-192859	other
scripts/export_provenance.py	python
scripts/generate_results_readme.py	python
scripts/lifecycle_smoke.sh	bash
scripts/local_ml_gates.sh	bash
scripts/manifest_merkle.sh	bash
scripts/metrics_validate.py	python
scripts/model_manager.py	python
scripts/nkg/text2nkg_emit_configured.py	python
scripts/packaging_smoke.sh	bash
scripts/phase6b_emit_smoke.sh	bash
scripts/phase7a_sanity_replay.sh	bash
scripts/phase7f/dep_accuracy.py	python
scripts/phase7f/e2e_validate.py	python
scripts/phase7f/neo4j_tuning_plan.py	python
scripts/phase7f/propagation.py	python
scripts/phase7f/qdrant_perf_sweep.py	python
scripts/phase7f/revocation_commit.py	python
scripts/phase7f/revocation_planner.py	python
scripts/phase7f/synthesis_orchestrator.py	python
scripts/phase7f/synthesis_orchestrator_parallel.py	python
scripts/phase7f/tri_state.py	python
scripts/phase7f/validate_audit.py	python
scripts/phase7f/verify_gates.py	python
scripts/phase7i/acceptance_check.py	python
scripts/phase7i/acceptance_gate.sh	bash
scripts/phase7i/aggregate_scoreboard.py	python
scripts/phase7i/compare_against_baselines.py	python
scripts/phase7i/datasets_bootstrap.sh	bash
scripts/phase7i/doctor.sh	bash
scripts/phase7i/eval/README.txt	other
scripts/phase7i/eval/adapters.py	python
scripts/phase7i/eval/compute_metrics.py	python
scripts/phase7i/eval/evaluate_if_present.sh	bash
scripts/phase7i/eval/update_perf.sh	bash
scripts/phase7i/filters/apply_filters.py	python
scripts/phase7i/preflight.sh	bash
scripts/phase7i/receipts_archive.sh	bash
scripts/phase7i/run_all.sh	bash
scripts/phase7i/run_bench.sh	bash
scripts/phase7i/runner_cmds.env	other
scripts/phase7i/verify_runners.sh	bash
scripts/phase7i/verify_splits.py	python
scripts/phase7i/wrappers/run_plmarker.sh	bash
scripts/phase7i/wrappers/run_pure.sh	bash
scripts/phase7o/run_bench_gates.sh	bash
scripts/phase7o/run_scierc_full.sh	bash
scripts/phase7s/acceptance_status.sh	bash
scripts/phase7s/aggregate_evidence.py	python
scripts/phase7s/aggregate_evidence.sh	bash
scripts/phase7s/build_open_darf_release.sh	bash
scripts/phase7s/build_review_packet.sh	bash
scripts/phase7s/extract_timing_from_tarballs.py	python
scripts/phase7s/finalize.sh	bash
scripts/phase7s/intake_evidence.sh	bash
scripts/phase7s/native_host_checklist.sh	bash
scripts/phase7s/package_evidence.sh	bash
scripts/phase7s/publish_phase7s.sh	bash
scripts/phase7t/cas_local.py	python
scripts/phase7t/hash_and_manifest.py	python
scripts/phase7t/minio_check.sh	bash
scripts/phase7t/qa_perf_check.sh	bash
scripts/phase7t/self_verify_provenance.sh	bash
scripts/phase7t/verify_provenance.sh	bash
scripts/plmarker_bridge_run.sh	bash
scripts/prepare_benchmark.py	python
scripts/print_scoreboard.py	python
scripts/pure_bridge_run.sh	bash
scripts/pure_dev_run.sh	bash
scripts/pure_runner.sh	bash
scripts/pure_smoke.py	python
scripts/quick-setup.sh	bash
scripts/re_error_analysis.py	python
scripts/relation_extraction/__init__.py	python
scripts/relation_extraction/build_candidates.py	python
scripts/relation_extraction/common.py	python
scripts/relation_extraction/emit_rel_metrics.py	python
scripts/relation_extraction/ner_infer.py	python
scripts/relation_extraction/score_relations.py	python
scripts/relex_ci_smoke.py	python
scripts/run_biored.py	python
scripts/run_biored_infer_eval.py	python
scripts/run_class_a_now.sh	bash
scripts/run_scierc.py	python
scripts/run_scierc_dict_eval.py	python
scripts/run_scierc_official_dict.py	python
scripts/scoreboard_builder.py	python
scripts/seed_neo4j.py	python
scripts/setup_pure_env.sh	bash
scripts/smoke_gate13.sh	bash
scripts/status_bar.sh	bash
scripts/summarize_eval.py	python
scripts/summarize_eval_biored.py	python
scripts/tlc_status_classA.sh	bash
scripts/tlc_status_latest.sh	bash
scripts/validate_accuracy_receipts.sh	bash
summary_test.json	json
tests/__init__.py	python
tests/acceptance/test_biobert_acceptance.py	python
tests/acceptance/test_guard_registry_adapter.py	python
tests/acceptance/test_phase4_acceptance.py	python
tests/api/conftest.py	python
tests/api/test_adapter_fail_closed_and_allow.py	python
tests/api/test_http_route.py	python
tests/api/test_prod_fail_closed_default.py	python
tests/api/test_receipts_enriched.py	python
tests/api/test_validation_dto_and_logging.py	python
tests/audit/test_receipts_sink.py	python
tests/conftest.py	python
tests/constitution/test_registry.py	python
tests/constitution/test_scope_evaluator.py	python
tests/constitution_engine/test_engine.py	python
tests/constitution_engine/test_graph_precedence_bridge.py	python
tests/constitution_graph/test_allow_deny_parse.py	python
tests/constitution_graph/test_precedence_adapter.py	python
tests/e2e/test_pipeline_validate.py	python
tests/engine/test_engine_integration.py	python
tests/engine/test_engine_obs_counters.py	python
tests/engine/test_precedence.py	python
tests/engine/test_reason_codes.py	python
tests/engine/test_tristate.py	python
tests/extractors/__init__.py	python
tests/extractors/test_biobert_extractor.py	python
tests/extractors/test_biobert_stub.py	python
tests/extractors/test_scibert_extractor.py	python
tests/extractors/test_text2nkg_extractor.py	python
tests/flags/test_env_flag_defaults.py	python
tests/golden/bias/gold.jsonl	other
tests/guards/test_flag_defaults.py	python
tests/guards/test_guard_middleware.py	python
tests/hyperrag/test_extract.py	python
tests/hyperrag/test_guard.py	python
tests/hyperrag/test_guard_scope.py	python
tests/hyperrag/test_guarded_store.py	python
tests/hyperrag/test_guarded_store_scope.py	python
tests/hyperrag/test_index_sim.py	python
tests/hyperrag/test_model.py	python
tests/integration/test_bias_pipeline_cbdt.py	python
tests/integration/test_bias_pipeline_oscar.py	python
tests/integration/test_bias_pipeline_prov_stub.py	python
tests/integration/test_postgres_connection.py	python
tests/knowledge_graph/test_entity_extraction_integration.py	python
tests/knowledge_graph/test_temporal_model.py	python
tests/obs/test_metrics_resilience.py	python
tests/observability/test_metrics.py	python
tests/performance/README.md	doc
tests/performance/test_cbdt_perf_smoke.py	python
tests/performance/test_decision_overhead_and_footprint.py	python
tests/performance/test_guard_overhead_budget.py	python
tests/performance/test_ingest_perf_demo.py	python
tests/performance/test_perf_scope.py	python
tests/performance/test_perf_smoke.py	python
tests/performance/test_phase6_perf_smoke.py	python
tests/performance/test_phase6b_obs_perf.py	python
tests/performance/test_qdrant_bootstrap.py	python
tests/performance/test_reasoning_perf_regression.py	python
tests/performance/test_storage_tuning.py	python
tests/performance/test_text2nkg_perf.py	python
tests/phase7c/test_anchor_meta.py	python
tests/phase7c/test_constitutional_filter.py	python
tests/phase7c/test_document_tagger.py	python
tests/phase7c/test_gate_nodes_edges.py	python
tests/phase7c/test_gate_spans.py	python
tests/phase7c/test_make_blocked_gallery.py	python
tests/phase7c/test_report_blocking.py	python
tests/phase7c/test_tri_state_and_audit.py	python
tests/phase7d/test_conflict_resolver.py	python
tests/phase7d/test_consistency_checker.py	python
tests/phase7d/test_governance.py	python
tests/phase7d/test_invariance_reasoning_flag.py	python
tests/phase7d/test_neo4j_helpers.py	python
tests/phase7d/test_perf_quality_unit.py	python
tests/phase7d/test_precedent_integration.py	python
tests/phase7d/test_resolution_patterns.py	python
tests/phase7e/test_operator_vote_schema.py	python
tests/phase7f/test_audit_schema.py	python
tests/phase7f/test_dep_accuracy.py	python
tests/phase7f/test_e2e_validate.py	python
tests/phase7f/test_orchestrator_fusion.py	python
tests/phase7f/test_orchestrator_parallel.py	python
tests/phase7f/test_propagation.py	python
tests/phase7f/test_revocation_commit.py	python
tests/phase7f/test_revocation_planner.py	python
tests/phase7f/test_tristate.py	python
tests/pipeline/test_anchors_budget.py	python
tests/pipeline/test_anchors_unit.py	python
tests/pipeline/test_cbdt_budget.py	python
tests/pipeline/test_cbdt_e2e.py	python
tests/pipeline/test_cbdt_obs_counters.py	python
tests/pipeline/test_cbdt_obs_resilience.py	python
tests/pipeline/test_cbdt_unit.py	python
tests/pipeline/test_ingest_local_and_stub.py	python
tests/pipeline/test_oscar_unit.py	python
tests/pipeline/test_parsers_flags.py	python
tests/pipeline/test_perf_budgets.py	python
tests/pipeline/test_pipeline_e2e.py	python
tests/pipeline/test_pipeline_sanity.py	python
tests/pipeline/test_prov_unit.py	python
tests/pipeline/test_runner_anchors_integration.py	python
tests/pipeline/test_runner_cbdt_integration.py	python
tests/pipeline/test_runner_obs_counters.py	python
tests/pipeline/test_runner_oscar_integration.py	python
tests/pipeline/test_runner_perf_receipt.py	python
tests/pipeline/test_runner_prov_integration.py	python
tests/relation_extraction/test_candidates.py	python
tests/relation_extraction/test_heuristic.py	python
tests/relation_extraction/test_metrics.py	python
tests/schema/test_init_cli.py	python
tests/schema/test_optional_indexes_dry_run.py	python
tests/schema/test_scope_indexes_present.py	python
tests/scope/test_scope_eval.py	python
tests/scope/test_scope_variants.py	python
tests/temporal/test_temporal_index.py	python
tests/test_check_golden.py	python
tests/test_emit_validator.py	python
tests/test_label_map.py	python
tests/test_runner_smoke.py	python
tests/text2nkg/test_interface.py	python
tests/unit/test_anchoring.py	python
tests/unit/test_bias.py	python
tests/unit/test_bias_provenance_logger.py	python
tests/unit/test_cbdt_detector.py	python
tests/unit/test_minio_adapter.py	python
tests/unit/test_minio_cas.py	python
tests/unit/test_neo4j_write.py	python
tests/unit/test_oscar_neutralize.py	python
tests/unit/test_prov_logging.py	python
tests/unit/test_prov_schema.py	python
tests/unit/test_provenance_driver.py	python
tests/unit/test_qdrant_client.py	python
tests/unit/test_routing.py	python
tests/unit/test_upload.py	python
text2nkg	other
tmp/cas_demo_out.txt	other
tools/__init__.py	python
tools/adr-audit.sh	bash
tools/audit/schemas/phase7f_audit.json	json
tools/batch_create_remaining.sh	bash
tools/biored_ncbi/src	other
tools/cbdt_perf.py	python
tools/ci/verify_ci_sanitized.sh	bash
tools/ci/verify_service_free.sh	bash
tools/cleanup-toml-backups.sh	bash
tools/constitutional/__init__.py	python
tools/constitutional/anchor_meta.py	python
tools/constitutional/audit.py	python
tools/constitutional/constitutional_filter.py	python
tools/constitutional/document_tagger.py	python
tools/constitutional/gate_nodes_edges.py	python
tools/constitutional/gate_spans.py	python
tools/constitutional/hooks.py	python
tools/constitutional/hooks.py.bak.20250902-235441	other
tools/constitutional/make_blocked_gallery.py	python
tools/constitutional/make_evidence_pack.py	python
tools/constitutional/reasoning/__init__.py	python
tools/constitutional/reasoning/audit_ext.py	python
tools/constitutional/reasoning/conflict.py	python
tools/constitutional/reasoning/consistency_checker.py	python
tools/constitutional/reasoning/context.py	python
tools/constitutional/reasoning/engine.py	python
tools/constitutional/reasoning/governance.py	python
tools/constitutional/reasoning/integrate.py	python
tools/constitutional/reasoning/make_evidence_pack_v7d.py	python
tools/constitutional/reasoning/make_evidence_pack_v7e.py	python
tools/constitutional/reasoning/neo4j_helpers.py	python
tools/constitutional/reasoning/operator_vote_schema.json	json
tools/constitutional/reasoning/perf_collect.py	python
tools/constitutional/reasoning/perf_monitor.py	python
tools/constitutional/reasoning/precedent.py	python
tools/constitutional/reasoning/quality.py	python
tools/constitutional/reasoning/resolution_patterns.py	python
tools/constitutional/reasoning/validate_votes.py	python
tools/constitutional/report_blocking.py	python
tools/constitutional/summarize.py	python
tools/constitutional/tri_state.py	python
tools/constitutional/write_receipt.py	python
tools/convert-project-to-poetry.sh	bash
tools/create-missing-scripts.sh	bash
tools/debug-validation.sh	bash
tools/dev/pg-dev.sh	bash
tools/diagnose-yaml-issues.sh	bash
tools/fix-authors-and-python.sh	bash
tools/fix-invalid-dependencies-block.sh	bash
tools/fix-migration-printf.sh	bash
tools/fix-toml-poetry-duplicate.sh	bash
tools/fix-yaml-delimiters.sh	bash
tools/fix-yaml-extraction.sh	bash
tools/fix-yaml-syntax.sh	bash
tools/flags/describe_flags.sh	bash
tools/gpu_diag.sh	bash
tools/guard_probe.py	python
tools/health/checks.py	python
tools/hgrag_receipt.py	python
tools/ingest_adrs.py	python
tools/lib/adr_parse.sh	bash
tools/metrics/summarize_phase6_metrics.py	python
tools/migration-summary.sh	bash
tools/ml/install_biobert.sh	bash
tools/ml/install_scibert.sh	bash
tools/neo4j_apply_cql.py	python
tools/neo4j_bootstrap.cql	other
tools/net_probe.sh	bash
tools/patch-tool-poetry-block.sh	bash
tools/peek_receipts.sh	bash
tools/perf/measure_reasoning_overhead.py	python
tools/perf/perf_utils.py	python
tools/perf/run_perf.py	python
tools/perf/run_phase6_perf.sh	bash
tools/perf_sanity.sh	bash
tools/phase5_issue_plan.sh	bash
tools/probe_torch_cuda.py	python
tools/qdrant_bootstrap.py	python
tools/receipt_summary.py	python
tools/receipts_clean.sh	bash
tools/receipts_exclude.sh	bash
tools/remove-invalid-packages-field.sh	bash
tools/rename-adrs-to-new-format.sh	bash
tools/repo_finalize.sh	bash
tools/restore_last.sh	bash
tools/roadmap_upsert_v3.sh	bash
tools/rollback/feature_toggle.sh	bash
tools/rollback/salvage_branch.sh	bash
tools/rollback/snapshot_receipts.sh	bash
tools/run_ner_split.sh	bash
tools/safe-poetry-package-fix.sh	bash
tools/shim/python	other
tools/snapshot_sys.py	python
tools/test-yaml-parsing.sh	bash
tools/text2nkg/__init__.py	python
tools/text2nkg/adapter.py	python
tools/text2nkg/adapter.py.bak.20250903-153510	other
tools/text2nkg/adapter.py.bak.canon.20250903-163448	other
tools/text2nkg/adapter.py.bak.delegate.20250903-154859	other
tools/text2nkg/adapter.py.bak.dictspans.20250903-175301	other
tools/text2nkg/adapter.py.bak.factory.20250903-171634	other
tools/text2nkg/adapter.py.bak.factory.20250903-171834	other
tools/text2nkg/adapter.py.bak.finalwrap.20250903-163101	other
tools/text2nkg/adapter.py.bak.passthru.20250903-170958	other
tools/text2nkg/adapter.py.bak.repair.20250903-165819	other
tools/text2nkg/adapter.py.bak.robust.20250903-155552	other
tools/text2nkg/adapter.py.bak.robust2.20250903-170056	other
tools/text2nkg/adapter.py.bak.safedelegate.20250903-155235	other
tools/text2nkg/adapter.py.bak.spanobj.20250903-174726	other
tools/text2nkg/adapter.py.bak.superfinal.20250903-163807	other
tools/text2nkg/adapter.py.bak.wrapfinal.20250903-172426	other
tools/text2nkg/check_golden.py	python
tools/text2nkg/emit_nkg.py	python
tools/text2nkg/gold_utils.py	python
tools/text2nkg/run_eval.py	python
tools/text2nkg/run_eval_scored.py	python
tools/text2nkg/score.py	python
tools/text2nkg/transforms/__init__.py	python
tools/text2nkg/transforms/label_map.py	python
tools/text2nkg/your_script.py	python
tools/torch_diag.py	python
tools/try_biobert.py	python
tools/try_scibert.py	python
tools/try_temporal.py	python
tools/try_text2nkg.py	python
tools/update_issues_m1.sh	bash
tools/validate-migrated-adrs.sh	bash
tools/wsl_gate_explainer.sh	bash
turbo.json	json
validate/generate_evidence.sh	bash
validate/make_report.sh	bash
validate/minimal_validator.py	python
validate/run_minimal.sh	bash
validate/timing_probe.py	python
var/receipts/phase6c/validation/biored_scores_ml_test.json	json
var/receipts/phase6c/validation/scierc_scores_ml_test.json	json
verification/tla/CC_A_cc.tla	tla
verification/tla/ConstitutionCore.tla	tla
verification/tla/System.tla	tla
verification/tla/classA_cfgs/CA_AnchorToEmbedIntegrity_neg.cfg	config
verification/tla/classA_cfgs/CA_AnchorToEmbedIntegrity_pos.cfg	config
verification/tla/classA_cfgs/CA_Neo4jConstraintSchema_neg.cfg	config
verification/tla/classA_cfgs/CA_Neo4jConstraintSchema_pos.cfg	config
verification/tla/classA_cfgs/CA_Smoke_neg.cfg	config
verification/tla/classA_cfgs/CA_Smoke_pos.cfg	config
verification/tla/classA_cfgs/CA_SpanAuthorization_neg.cfg	config
verification/tla/classA_cfgs/CA_SpanAuthorization_pos.cfg	config
verification/tla/classA_cfgs/CA_SpanPreservesConstraints_neg.cfg	config
verification/tla/classA_cfgs/CA_SpanPreservesConstraints_pos.cfg	config
verification/tla/classA_cfgs/CC_A_cc.quick.cfg	config
verification/tla/classA_specs/CA_AnchorToEmbedIntegrity.tla	tla
verification/tla/classA_specs/CA_Neo4jConstraintSchema.tla	tla
verification/tla/classA_specs/CA_Smoke.tla	tla
verification/tla/classA_specs/CA_SpanAuthorization.tla	tla
verification/tla/classA_specs/CA_SpanPreservesConstraints.tla	tla
